"1","Writing","writing"
"2","Archives","archives"
"3","Interview","interview"
"4","Symposium","symposium"
"5","Uncategorized","uncategorized"
"6","Fever","fever"
"7","Cabinet","cabinet"
"8","Compass","compass"
"9","Translation","translation"
"10","Multi-media","multi-media"
"11","Rumor","rumor"
"12","Hat Trick","hat-trick"
"13","Harbor","harbor"
"14","Moonshine","moonshine"
"15","Lyric essay","lyric-essay"
"16","Envoy","envoy"
"17","Review essay","review-essay"
"18","Fiction","fiction"
"19","Themed Post","themed-post"
"20","Art","art"
"21","Habit","habit"
"22","Showtime","showtime"
"23","Photo","photo"
"24","Distortion","distortion"
"25","Marginalia","marginalia"
"26","Event","event"
