"1","Benjamin Percy"
"2","thomas mann"
"3","David Hollerman"
"4","nightwood"
"5","focus"
"6","velvet underground"
"7","the washing room"
"8","sleep"
"9","Swaziland"
"10","Crimson"
"11","Carl Pickhardt"
"12","isaac dayno"
"13","sarah hopkinson"
"14","relationships"
"15","The Wrath of God"
"16","James Atlas"
"17","acedia"
"18","short poems"
"19","sonic youth"
"20","june carter"
"21","temple of diana"
"22","Authors"
"23","Tourism"
"24","Werner Herzog"
"25","choice"
"26","advocate archives"
"27","the matrix"
"28","belem portugal"
"29","winning"
"30","missionary"
"31","Origin"
"32","magic"
"33","pulitzer prize"
"34","to the wonder"
"35","tokyo"
"36","Schuylkill"
"37","Masha Tupitsyn"
"38","Marine Drive"
"39","tin house"
"40","NPR"
"41","Turkey"
"42","life in letters"
"43","omphalos"
"44","college fiction"
"45","21 south street"
"46","The New Inquiry"
"47","glassmaking"
"48","50 Watts"
"49","erotic"
"50","design"
"51","Shakespeare"
"52","haiku"
"53","Norman Mailer"
"54","google glass"
"55","light and space"
"56","julian gewirtz"
"57","Sine Saloum"
"58","ben affleck"
"59","Harvard Graduate School of Design"
"60","Memoir"
"61","Prizes"
"62","illustrations"
"63","Marguerite Duras"
"64","Victoria Baena"
"65","womb"
"66","Event of a Thread"
"67","ursula k. le guin"
"68","digitalization"
"69","Toni Schneiders"
"70","water"
"71","magnetism"
"72","Pride and Prejudice"
"73","illustration"
"74","Bolero"
"75","harvard monday gallery"
"76","Robert Bly"
"77","evagrius"
"78","anne marie creighton"
"79","Guernica"
"80","Guggenheim"
"81","titanic"
"82","trial"
"83","ingersoll lectures"
"84","sally mann"
"85","walter benjamin"
"86","Stop motion"
"87","science class"
"88","military"
"89","video game"
"90","Canal"
"91","love"
"92","projection"
"93","hiking"
"94","kevinhong"
"95","Multimedia"
"96","Derek Walcott"
"97","Ann Hamilton"
"98","aeschylus"
"99","radcliffe"
"100","overlook hotel"
"101","home"
"102","san francisco"
"103","roxanna haghighat"
"104","Barbara Beatty"
"105","Australia"
"106","e.e. cummings"
"107","kaylaTV"
"108","arts on the line"
"109","metalab"
"110","Hessel Museum"
"111","noah pisner"
"112","music"
"113","archives"
"114","peru"
"115","Compass"
"116","Picasso"
"117","david ferry"
"118","monty's comix"
"119","mammoth"
"120","travel photos"
"121","Chekhov"
"122","The Feminine Mystique"
"123","VES"
"124","oliver luo"
"125","Phrenology"
"126","glass"
"127","toni morrison"
"128","Time"
"129","Mythology"
"130","Leopold Café"
"131","richard artschwager"
"132","evolution"
"133","Habit"
"134","Collage"
"135","science"
"136","Magical realism"
"137","new inquiry"
"138","Francine Prose"
"139","ezra stoller"
"140","Ara Güler"
"141","wallace stevens"
"142","vergil"
"143","robert creeley"
"144","wanjiku mungai"
"145","Archive"
"146","history"
"147","heart"
"148","Retirement"
"149","edwin whitman"
"150","Feature"
"151","biden"
"152","Garden of Sorrows"
"153","muriel spark"
"154","biography"
"155","travel"
"156","Google images"
"157","poetry"
"158","Munich"
"159","machine"
"160","Mick Jagger"
"161","interview"
"162","Decadence"
"163","Martin Amis"
"164","Man Ray"
"165","fever"
"166","the gulf stream"
"167","Abstraction"
"168","the tempest"
"169","faye zhang"
"170","javier marías"
"171","mixed media"
"172","Obscenity"
"173","light"
"174","Soap Opera"
"175","Sam Byers"
"176","new feminism"
"177","Marginalia"
"178","harper's"
"179","The Pale King"
"180","Unfallstation"
"181","Brad Leithauser"
"182","Warner James Wood"
"183","stanley kubrick"
"184","Brood"
"185","San Marco"
"186","speech"
"187","Nostalgia"
"188","krithika varagur"
"189","Jonathan Sacks"
"190","Regatta"
"191","Poetry Foundation"
"192","The Millions"
"193","hoch"
"194","billet doux"
"195","Herbie Hancock"
"196","sisyphus"
"197","Cabinet"
"198","The Tour"
"199","Battle of Jericho"
"200","world book night"
"201","Grove Press"
"202","marcel duchamp"
"203","Francesca Woodman"
"204","dickens"
"205","food"
"206","Walt Whitman"
"207","lily pulitzer"
"208","JoAnne Akalaitis"
"209","motels"
"210","Gay cat"
"211","djuna barnes"
"212","biggie smalls"
"213","literary imagination"
"214","artist's sketchbooks online"
"215","Obesity"
"216","notorious b.i.g."
"217","Summer"
"218","Liberal"
"219","harry choi"
"220","India"
"221","slavery"
"222","the tree of life"
"223","Chinese painting"
"224","heroines"
"225","rivka galchen"
"226","cliffs"
"227","jorge guillén"
"228","Event"
"229","Origin stories"
"230","Triple Canopy"
"231","Howlin' Wolf"
"232","New Yorker"
"233","Richard Lyons"
"234","Borges"
"235","kiara barrow"
"236","L'Histoire du Soldat"
"237","Mongolia"
"238","eclogues"
"239","Anne Adams"
"240","terrence malick"
"241","books"
"242","mary karr"
"243","portland"
"244","sylvester stallone"
"245","Every Love Story is a Ghost Story"
"246","audio recording"
"247","west point"
"248","retellings"
"249","book review"
"250","catacombs"
"251","Jane Austen"
"252","virginia woolf"
"253","collisions"
"254","Yellowstone"
"255","Frankenstein"
"256","Proust"
"257","Good and evil"
"258","junot diaz"
"259","metaphysical I"
"260","existentialism"
"261","Julian Lucas"
"262","revenge"
"263","yen pham"
"264","contemporary hungarian literature"
"265","mistress"
"266","nietzsche"
"267","Fellowship of the Ring"
"268","Marlon Brando"
"269","language"
"270","geometry"
"271","Photo"
"272","stephen greenblatt"
"273","theharvardadvocate"
"274","the shining"
"275","nick bostrom"
"276","John Hughes"
"277","Italo Calvino"
"278","calvin willett"
"279","Inauguration"
"280","south"
"281","rumur dowling"
"282","features"
"283","Aguirre"
"284","dostoyevsky"
"285","Board games"
"286","Love letters"
"287","Yang Yongliang"
"288","late antiquity"
"289","Robert Frost"
"290","comic"
"291","andy warhol"
"292","raymond carver"
"293","instagram"
"294","nudity in performance"
"295","publishers weekly"
"296","times literary supplement"
"297","minamidera"
"298","John Berryman"
"299","In Transit"
"300","Boathouse Row"
"301","aromatherapy"
"302","culvert"
"303","ellen pinsky"
"304","MoMA"
"305","Swann's Way"
"306","horizonless landscape"
"307","Hat Trick"
"308","jose falconi"
"309","PDX"
"310","augusten burroughs"
"311","Lyric essay"
"312","Zadie Smith"
"313","office depot"
"314","camille coppola"
"315","boredom"
"316","whitney museum"
"317","contemporary art"
"318","patrick lauppe"
"319","inferno"
"320","obama"
"321","television"
"322","houghton"
"323","kant"
"324","tilda swinton"
"325","Africa"
"326","jesse nee-vogelman"
"327","lion"
"328","should you buy it"
"329","Sex"
"330","spectatorship"
"331","the highbury center"
"332","Canyon"
"333","New York"
"334","james joyce"
"335","mcbride"
"336","senga nengudi"
"337","David Sedaris"
"338","George Kalogeris"
"339","fashion"
"340","Mark Bradford"
"341","Damien Hirst"
"342","use and abuse of history"
"343","khusrau"
"344","Disgusting"
"345","the new criterion"
"346","David Rothbart"
"347","nonfiction"
"348","Interview"
"349","Walker Evans"
"350","albert camus"
"351","Bandra"
"352","sarah rosenthal"
"353","jeannie sui wonders"
"354","nádas"
"355","scotland"
"356","panda"
"357","Street games"
"358","winter caretaker"
"359","Creative Process"
"360","tunnels"
"361","Cat's Cradle"
"362","daniel bosch"
"363","william faulkner"
"364","nytimes"
"365","garage rock"
"366","RichardLinklater"
"367","Blogs"
"368","naoshima"
"369","xerox"
"370","Themed Post"
"371","surf"
"372","dimitri hadzi"
"373","moonshine"
"374","tanzania"
"375","Nemo"
"376","le philosophe lisant"
"377","Video recording"
"378","Kayla Escobedo"
"379","Jhumpa Lahiri"
"380","subversive art"
"381","Adam and Eve"
"382","Izmir"
"383","Banned books"
"384","Psychedelic rock"
"385","wendy chen"
"386","painting"
"387","generation of '27"
"388","Masnavi"
"389","monasteries"
"390","Paris"
"391","Pieces of a Man"
"392","funes the memorious"
"393","Intercontinental"
"394","Johannesburg"
"395","sonnet"
"396","Paradise"
"397","Prose Poem"
"398","black earth"
"399","funtrivia"
"400","translation"
"401","Audio Recording"
"402","Postmodernism"
"403","dawn"
"404","Kurt Vonnegut"
"405","Stravinsky"
"406","Charles Baudelaire"
"407","epistolary culture"
"408","Bombay"
"409","Harvard"
"410","Diary"
"411","Drunkenness"
"412","James McBride"
"413","Translation"
"414","alcoholism"
"415","photography"
"416","Dublin"
"417","the perfect murder"
"418","amazon"
"419","malaise"
"420","theodore roosevelt"
"421","compass"
"422","stephen burt"
"423","robert kennedy"
"424","ursula le guin"
"425","Julie Mehretu"
"426","domesticity"
"427","The Rumpus"
"428","George Saunders"
"429","dante"
"430","comic strips"
"431","kevin hong"
"432","dorothea lasky"
"433","architecture"
"434","Blue Ridge"
"435","nsfw"
"436","maia silber"
"437","aldous huxley"
"438","Vietnam War"
"439","atlantic city"
"440","Bokonon"
"441","Crew"
"442","boyhood"
"443","culture"
"444","Cape Tribulation"
"445","scholastic"
"446","Béla Fleck"
"447","English Summer"
"448","burger king"
"449","claire messud"
"450","Uncategorized"
"451","recording"
"452","lyon"
"453","matt krane"
"454","malaria"
"455","Giudecca"
"456","movie"
"457","southern france"
"458","winslow homer"
"459","Berlin"
"460","flash fiction"
"461","Joan Didion"
"462","stephanie newman"
"463","reading"
"464","reina gattuso"
"465","Subterranean Press Online"
"466","Bible"
"467","harvard advocate"
"468","Harbor"
"469","Tropic of Cancer"
"470","satantango"
"471","Sartre"
"472","the guardian"
"473","Dirty Letters"
"474","tls"
"475","warhol"
"476","tyler richard"
"477","paris review"
"478","Birches"
"479","getting lost"
"480","e.l. konigsburg"
"481","Morano"
"482","las vegas"
"483","New York Times"
"484","New York Review of Books"
"485","alexander traub"
"486","rabbit run"
"487","mo yan"
"488","Billie Holiday"
"489","key"
"490","Hana Bajramovic"
"491","tadao ando"
"492","Fiction"
"493","greek tragedy"
"494","harvard monthly"
"495","Infinite Jest"
"496","Reluctant Habits"
"497","arts"
"498","Literature"
"499","college dating"
"500","psychedelicious"
"501","mr nobody"
"502","medieval art"
"503","Vivian Maier"
"504","marx"
"505","celotex"
"506","fire and knowledge"
"507","ukraine"
"508","direction"
"509","Georgia"
"510","champion"
"511","Jobim"
"512","Clarice Lispector"
"513","Philadelphia"
"514","Ralph Waldo Emerson"
"515","alejandra dean"
"516","Review essay"
"517","Chinua Achebe"
"518","liza batkin"
"519","simulation argument"
"520","spain"
"521","evangelical"
"522","steven king novel"
"523","gilbreth"
"524","James Wood"
"525","fayezhang"
"526","Let Us Now Praise Famous Men"
"527","elise adibi"
"528","Venice"
"529","Italy"
"530","ulysses"
"531","my ngoc to"
"532","zoë hitzig"
"533","Shanghai"
"534","prestidigitation"
"535","dan ashwood"
"536","barthes"
"537","marginalia"
"538","Provence"
"539","Symposium"
"540","harvard square"
"541","literary letters"
"542","Fever"
"543","Hopscotch"
"544","D.T. Max"
"545","mcsweeney's"
"546","mary shelley"
"547","England"
"548","MBTA"
"549","burt reynolds"
"550","Kathryn Davis"
"551","cassian"
"552","steven king"
"553","Budapest"
"554","hat trick"
"555","monument of the dead"
"556","jean-baptiste chardin"
"557","descartes"
"558","Barcelona"
"559","ghazal"
"560","college literature"
"561","Boetti"
"562","bad news"
"563","Josef Koudelka"
"564","theater"
"565","dada"
"566","Carrie Lambert-Beatty"
"567","pretty maiden"
"568","Persian poetry"
"569","colton valentine"
"570","Senegal"
"571","jacob moscana-skolnik"
"572","brian jonestown massacre"
"573","computer games"
"574","Botswana"
"575","Gay subplots"
"576","Victor Hugo"
"577","psychological horror"
"578","Notebooks"
"579","yu yamauchi"
"580","visual and environmental studies"
"581","Beloved"
"582","helen vendler"
"583","Argentina"
"584","Ravel"
"585","Miranda July"
"586","chang'aa"
"587","frank lloyd wright"
"588","National Book Critics Circle"
"589","Experimental fiction"
"590","weetstraw"
"591","feminism"
"592","alex wells"
"593","Terry Furchgott"
"594","spectacular"
"595","poetry recording"
"596","advocate"
"597","Snow"
"598","the art museum"
"599","Newspaper"
"600","João Gilberto"
"601","transgender"
"602","dreams"
"603","Art"
"604","Howard Turner"
"605","T.S. Eliot"
"606","Olafur Eliasson"
"607","London"
"608","Aristotle"
"609","Bolaño"
"610","Masala lemonade"
"611","Rumi"
"612","Duplex"
"613","the harvard advocate"
"614","pop art"
"615","Mahindra Humanities Center"
"616","spacedog"
"617","Archives"
"618","the snow man"
"619","Rabelais"
"620","jorge luis borges"
"621","Edinburgh"
"622","reruns"
"623","watteau"
"624","Tomas Tranströmer"
"625","Molly Dektar"
"626","religion"
"627","L.A. Jeff"
"628","cathedrals"
"629","christmas"
"630","Joey Comeau"
"631","Industrial landscape"
"632","Ernest Hemingway"
"633","Catullus"
"634","editor's note"
"635","Cervantes"
"636","Co-op"
"637","past and future"
"638","Maurice Sendak"
"639","Visual art"
"640","mefloquine"
"641","Sounds"
"642","Edna St. Vincent Millay"
"643","Betty Friedan"
"644","Tolkien"
"645","gazing"
"646","bestseller"
"647","andes"
"648","high school"
"649","The Sound and the Fury"
"650","Fable"
"651","Japan"
"652","Garden of Eden"
"653","Frederick Seidel"
"654","James Agee"
"655","earthsea books"
"656","hesiod"
"657","kevin stone"
"658","cambridge public library"
"659","Robert Musil"
"660","Writing"
"661","politics of repression"
"662","Frank O'Hara"
"663","Humor"
"664","ellipse"
"665","robbie eginton"
"666","first event 2013"
"667","college art"
"668","bazaar"
"669","zoehitzig"
"670","Invisible Cities"
"671","greil marcus"
"672","Assassin's Creed"
"673","keoni correa"
"674","David Foster Wallace"
"675","the thin red line"
"676","road trip"
"677","Essay"
"678","Rocky"
"679","form"
"680","Finbarr O'Reilly"
"681","memory"
"682","os mutantes"
"683","Holocaust"
"684","cabinet"
"685","Switzerland"
"686","Don Quixote"
"687","Threepenny Review"
"688","Hong Kong"
"689","muscle memory"
"690","lou reed"
"691","Les Miserables"
"692","Marian Goodman Gallery"
"693","The Man Without Qualities"
"694","Jeff Noon"
"695","landscapes"
"696","election"
"697","krasznahorkai"
"698","johnny cash"
"699","reflective surfaces"
"700","showtime"
"701","katherine damm"
"702","erik fredericksen"
"703","dostoevsky"
"704","Rimbaud"
"705","Sheila Heti"
"706","robert silvers"
"707","Darwin"
"708","anna hagen"
"709","film"
"710","Bloomsday"
"711","Auden"
"712","Cornwall"
"713","james turrell"
"714","indiana seresin"
"715","witness"
"716","marianne moore"
"717","Joanna Walsh"
"718","children's games"
"719","Jean Cocteau"
"720","harvard love story"
"721","Moonshine"
"722","football"
"723","Envoy"
"724","Paul Valéry"
"725","banned movies"
"726","Conrad Aiken"
"727","mount fuji"
"728","Documentary"
"729","Women's week"
"730","World War II"
"731","meditations in an emergency"
"732","Morocco"
"733","Showtime"
"734","grady family"
"735","blue is the warmest color"
"736","Alexander Pushkin"
"737","atheism"
"738","2010 hoopes prize"
"739","mass"
"740","the devil"
"741","Best friend"
"742","jack and the beanstalk"
"743","dan chiasson"
"744","Charlotte Lieberman"
"745","Henry Miller"
